 GMP  , Name galaxy     ,x,RA,y,Dec,Magnitude   ,Galaxy color     ,Velocity  ,Comment
2201,          ,194.6,194.5,28.91,28.91,16.86,1.85,5852,C1
2237,          ,194.61,194.51,28.8,28.8,16.26,1.93,6664,C1
2251,          ,194.62,194.52,29.03,29.03,17.35,1.79,7128,C1
2252,          ,194.62,194.52,28.82,28.82,16.1,1.85,5837,C1
2289,          ,194.63,194.53,29.06,29.06,18.43,1.6,7391,C1
2348,          ,194.66,194.56,28.9,28.9,15.85,1.91,6816,C1
2415,          ,194.68,194.58,29.12,29.12,19.97,2.35,53501,C1
2423,          ,194.69,194.59,29.05,29.05,18.5,NaN,6459,C1
2551,          ,194.73,194.63,29.01,29.01,16.85,2.99,7537,C1
2555,          ,194.73,194.63,28.99,28.99,19.63,1.74,50223,C1
2667,          ,194.77,194.67,29.06,29.06,19.69,2.03,24169,C1
2683,          ,194.78,194.68,28.94,28.94,19.73,NaN,73311,C1
*3254 ,          ,194.79,194.69,29.13,29.13,NaN,NaN,-118,C1
2764,          ,194.8,194.7,29.12,29.12,19,1.77,6659,C1
2790,          ,194.81,194.71,29.08,29.08,19.66,2.29,81697,C1
2794,NGC4898B  ,194.81,194.71,28.96,28.96,16.19,NaN,6504,C1
2798,NGC4898A  ,194.81,194.71,28.96,28.96,14.85,NaN,6811,C1
2805,          ,194.81,194.71,29.06,29.06,16.57,1.78,6064,C1
      ,          ,194.82,194.72,29.09,29.09,NaN,NaN,81993,C1
      ,          ,194.82,194.72,28.8,28.8,NaN,NaN,-189,C1
2878,          ,194.83,194.73,28.77,28.77,20.09,2.28,69204,C1
2879,          ,194.83,194.73,29.07,29.07,18.05,1.75,7188,C1
*3401 ,          ,194.83,194.73,28.82,28.82,19.37,2.14,45,C1
2931,          ,194.85,194.75,28.93,28.93,19.2,1.89,7837,C1
2946,          ,194.85,194.75,28.98,28.98,16.31,NaN,7807,C1
2964,          ,194.85,194.75,28.98,28.98,17.74,NaN,7788,C1
2991,          ,194.86,194.76,29.02,29.02,19.82,2.27,60023,C1
*3512 ,          ,194.87,194.77,28.79,28.79,19.62,2.06,95,C1
3018,          ,194.87,194.77,28.99,28.99,19.31,1.94,7619,C1
      ,          ,194.87,194.77,28.85,28.85,NaN,NaN,434,C1
      ,          ,194.87,194.77,29,29,NaN,NaN,123,C1
3043,          ,194.88,194.78,29.1,29.1,19.55,1.85,2998,C1
      ,          ,194.88,194.78,28.87,28.87,NaN,NaN,47394,C1
3058,          ,194.88,194.78,29.06,29.06,17.71,1.78,5713,C1
3080,          ,194.89,194.79,28.92,28.92,19.6,1.85,7248,C1
*3628 ,          ,194.9,194.8,29.11,29.11,NaN,NaN,-241,C1
*3636 ,          ,194.9,194.8,28.83,28.83,18.33,1.18,429,C1
3149,          ,194.92,194.82,28.85,28.85,19.79,2.45,49784,C1
3177,          ,194.93,194.83,28.81,28.81,19.33,1.33,38120,C1
3201,NGC4876   ,194.93,194.83,28.91,28.91,15.51,1.91,6629,C1
3275,          ,194.95,194.85,28.85,28.85,18.66,NaN,3834,C1
3284,          ,194.95,194.85,28.87,28.87,20,NaN,53206,C1
      ,          ,194.95,194.85,28.85,28.85,NaN,NaN,9276,C1
3311,          ,194.96,194.86,28.87,28.87,18.89,1.68,6137,C1
3317,          ,194.96,194.86,29.04,29.04,19.67,2.09,82378,C1
3325,          ,194.96,194.86,28.91,28.91,19.66,2,8940,C1
3352,NGC4872   ,194.97,194.87,28.95,28.95,14.79,1.78,7249,C1
3376,          ,194.98,194.88,28.92,28.92,18.24,NaN,6815,C1
3421,          ,194.99,194.89,29.1,29.1,19.4,1.91,-23,C1
3424,          ,194.99,194.89,28.94,28.94,18.98,NaN,5613,C1
3425,          ,194.99,194.89,28.81,28.81,19.19,1.72,6710,C1
3449,          ,194.99,194.89,28.84,28.84,20.46,2.21,69256,C1
3447,          ,194.99,194.89,29.06,29.06,19.07,NaN,82309,C1
*3923 ,          ,195,194.9,28.77,28.77,16.45,1.6,-159,C1
3473,          ,195,194.9,28.86,28.86,18.92,1.64,5061,C1
3501,          ,195.01,194.91,28.9,28.9,19.46,1.61,18388,C1
3510,NGC4869   ,195.01,194.91,28.91,28.91,14.97,2.06,6992,C1
*3975 ,          ,195.01,194.91,28.79,28.79,18.55,1.72,-88,C1
3522,          ,195.01,194.91,28.9,28.9,16.39,1.84,5126,C1
3523,          ,195.01,194.91,29.13,29.13,19.27,NaN,57890,C1
3534,          ,195.02,194.92,28.97,28.97,17.2,1.77,6411,C1
3554,          ,195.02,194.92,29.07,29.07,17.2,1.87,7125,C1
3557,          ,195.02,194.92,28.89,28.89,16.35,1.81,6507,C1
3561,NGC4865   ,195.02,194.92,29.08,29.08,14.54,1.83,4609,C1
      ,          ,195.02,194.92,28.77,28.77,NaN,NaN,-114,C1
3587,          ,195.03,194.93,29.09,29.09,19.47,2.2,82317,C1
3606,          ,195.03,194.93,28.9,28.9,19.54,1.65,14990,C1
3615,          ,195.03,194.93,28.99,28.99,18.82,2.22,6317,C1
3616,          ,195.04,194.94,28.77,28.77,19.99,1.87,6315,C1
3623,          ,195.04,194.94,29,29,19.5,1.22,12082,C1
3633,          ,195.04,194.94,28.81,28.81,19.46,1.72,125,C1
      ,          ,195.04,194.94,28.85,28.85,NaN,NaN,109,C1
      ,          ,195.05,194.95,28.82,28.82,NaN,NaN,6593,C1
3702,          ,195.06,194.96,28.89,28.89,19.72,2.42,85466,C1
*4149 ,          ,195.06,194.96,29.16,29.16,NaN,NaN,-272,C1
3768,          ,195.07,194.97,29.07,29.07,18.74,1.45,27066,C1
3772,          ,195.07,194.97,28.85,28.85,18.55,1.09,20151,C1
3788,          ,195.08,194.98,28.79,28.79,18.82,1.67,25279,C1
3792,NGC4860   ,195.08,194.98,29.12,29.12,14.69,1.93,7886,C1
3816,NGC4858   ,195.09,194.99,29.12,29.12,15.64,NaN,9436,C1
*4248 ,          ,195.09,194.99,28.87,28.87,NaN,NaN,94,C1
3896,IC3949    ,195.11,195.01,28.83,28.83,15.13,1.75,7378,C1
3895,          ,195.11,195.01,28.82,28.82,17.74,1.72,8535,C1
3916,          ,195.11,195.01,28.83,28.83,19.81,2.2,47310,C1
3922,          ,195.11,195.01,29.15,29.15,19.98,2.38,45850,C1
3935,          ,195.12,195.02,29.13,29.13,16.59,1.93,7031,C1
3966,          ,195.13,195.03,28.9,28.9,19.4,2.15,47719,C1
3969,          ,195.13,195.03,29.01,29.01,19.11,2.06,7469,C1
3980,          ,195.13,195.03,28.82,28.82,19.39,2.19,35268,C1
4005,          ,195.14,195.04,28.84,28.84,19.83,2.36,47509,C1
4034,          ,195.15,195.05,28.88,28.88,19.01,1.94,8415,C1
4037,          ,195.15,195.05,28.78,28.78,19.73,2.44,48108,C1
4040,          ,195.15,195.05,29.09,29.09,19.57,NaN,20075,C1
4063,          ,195.16,195.06,28.92,28.92,19.32,2.38,47692,C1
4081,          ,195.17,195.07,28.92,28.92,18.91,2.15,49968,C1
4102,          ,195.17,195.07,28.85,28.85,20.48,2.15,47595,C1
4108,          ,195.17,195.07,28.94,28.94,19.56,2.37,5575,C1
4130,IC3943    ,195.18,195.08,29.11,29.11,15.55,1.97,6704,C1
4153,          ,195.19,195.09,29.09,29.09,20.42,1.52,19993,C1
4193,          ,195.2,195.1,28.85,28.85,19.85,2.53,47625,C1
4217,          ,195.2,195.1,28.9,28.9,19.37,1.71,6804,C1
      ,          ,195.2,195.1,28.79,28.79,NaN,NaN,68427,C1
4230,          ,195.2,195.1,29.02,29.02,15.19,1.87,7198,C1
4246,          ,195.21,195.11,28.82,28.82,18.23,1.65,25384,C1
      ,          ,195.21,195.11,29.1,29.1,NaN,NaN,26650,C1
      ,          ,195.22,195.12,28.79,28.79,NaN,NaN,25630,C1
4281,          ,195.22,195.12,29.13,29.13,17.08,1.46,8473,C1
      ,          ,195.23,195.13,28.81,28.81,NaN,NaN,56,C1
4308,          ,195.23,195.13,29.15,29.15,16.76,1.83,6738,C1
4313,NGC4851   ,195.23,195.13,29.15,29.15,16,1.95,7781,C1
4315,NGC4850   ,195.23,195.13,28.97,28.97,15.39,1.87,6078,C1
4314,          ,195.23,195.13,28.89,28.89,17.66,1.88,7294,C1
4341,          ,195.25,195.15,28.76,28.76,17.33,1.84,5434,C1
4345,          ,195.25,195.15,29.07,29.07,19.13,2.43,47174,C1
4355,          ,195.25,195.15,29.04,29.04,18.22,1.82,6067,C1
4379,          ,195.26,195.16,29.13,29.13,16.08,1.82,7336,C1
      ,          ,195.27,195.17,29.09,29.09,NaN,NaN,-57,C1
4420,          ,195.27,195.17,28.94,28.94,17.6,1.86,8509,C1
4424,          ,195.27,195.17,28.86,28.86,19.13,2.04,6873,C1
4480,          ,195.3,195.2,29.16,29.16,19.9,1.45,45410,C1
4481,          ,195.3,195.2,29.01,29.01,18.44,1.27,20103,C1
4499,          ,195.3,195.2,28.82,28.82,16.1,1.82,7095,C1
4503,          ,195.3,195.2,28.97,28.97,16.83,1.85,20589,C1
4510,          ,195.3,195.2,28.98,28.98,18.51,1.96,6609,C1
4516,          ,195.31,195.21,28.85,28.85,18.08,1.99,19700,C1
4519,          ,195.31,195.21,28.85,28.85,17.61,1.81,5681,C1
4553,          ,195.32,195.22,28.91,28.91,19.5,1.5,19714,C1
4555,          ,195.32,195.22,29.06,29.06,16.07,1.5,8299,C1
*4924 ,          ,195.33,195.23,29.13,29.13,15.8,1.4,18,C1
4570,          ,195.33,195.23,28.99,28.99,17.25,1.07,4649,C1
      ,          ,195.34,195.24,29.1,29.1,NaN,NaN,-128,C1
4614,          ,195.35,195.25,29.01,29.01,19.78,2.19,56849,C1
4626,          ,195.35,195.25,28.88,28.88,16.6,1.93,7046,C1
*4998 ,          ,195.35,195.25,29.12,29.12,19.94,1.57,45075,C1
4647,          ,195.36,195.26,28.99,28.99,19.77,2.13,57052,C1
4653,          ,195.36,195.26,28.88,28.88,15.67,1.85,5805,C1
4656,          ,195.36,195.26,28.77,28.77,17.62,1.82,5764,C1
4659,          ,195.36,195.26,28.85,28.85,19.8,2.06,30659,C1
4664,          ,195.36,195.26,28.83,28.83,16.26,2.06,6118,C1
4666,          ,195.36,195.26,29.14,29.14,17.35,1.8,6424,C1
      ,          ,195.38,195.28,29.08,29.08,NaN,NaN,256,C1
2347,D098,195.21,195.21,28.9,28.9,15.85,1.91,6848,c1
2374,"NGC 4911, D082",195.2,195.2,28.79,28.79,13.91,1.67,7987,
2376,,195.2,195.2,28.9,28.9,18.23,1.77,6049,
2385,,195.03,195.03,28.84,28.84,17.62,1.82,7207,
2390,"IC 4051, D143",195.03,195.03,29.01,29.01,14.47,1.82,5000,
2393,D062,195.02,195.02,28.78,28.78,16.51,1.9,8302,
2399,,195.02,195.02,28.97,28.97,18.78,9.99,5837,
2408,,195.02,195.02,28.83,28.83,18.49,1.73,nan,c1
2417,"NGC 4908, D167",195.01,195.01,29.04,29.04,14.91,1.87,8742,
2421,,195.01,195.01,28.74,28.74,17.98,1.9,8150,
2440,"IC 4045, D168",195,195,29.09,29.09,15.17,1.85,6899,c1
2441,"NGC 4907, D205",195,195,29.16,29.16,14.65,1.74,5773,c1
2457,D117,195,195,28.92,28.92,16.56,1.88,8604,c1
2478,,194.99,194.99,28.84,28.84,18.09,1.86,8752,c1
2489,D191,194.99,194.99,29.1,29.1,16.69,1.77,6582,c1
2510,D116,194.98,194.98,28.96,28.96,16.13,1.9,8353,c1
2516,"IC 4042, D144",194.98,194.98,28.97,28.97,15.34,1.86,6354,c1
2519,,194.98,194.98,29.12,29.12,18.68,1.72,6216,c1
2529,,194.98,194.98,29.04,29.04,18.63,1.87,8826,c1
2531,,194.98,194.98,28.89,28.89,17.63,1.7,18442,c1
2535,"IC 4041, D145",194.98,194.98,29,29,15.93,1.9,7059,c1
2541,"NGC 4906, D118",194.97,194.97,28.92,28.92,15.44,1.98,7497,c1
2559,"IC 4040, D169",194.96,194.96,29.06,29.06,15.44,9.99,7801,c1
2584,D192,194.96,194.96,29.15,29.15,16.14,1.79,5465,c1
2585,,194.96,194.96,28.94,28.94,18.44,1.73,6914,c1
2591,D051,194.95,194.95,28.93,28.93,18.5,1.86,8356,c1
2603,,194.95,194.95,28.82,28.82,17.36,1.8,8152,c1
2615,D063,194.94,194.94,28.77,28.77,16.97,1.9,6679,c1
2619,,194.94,194.94,29.26,29.26,18.38,1.71,6279,c1
2633,,194.94,194.94,29.16,29.16,18.48,1.75,-359,c1
2651,D147,194.93,194.93,28.97,28.97,16.19,1.85,7700,
2654,D119,195.09,195.09,28.96,28.96,16.38,1.9,6984,
2692,,195.08,195.08,28.93,28.93,18.2,1.78,7962,
2711,,195.08,195.08,29.21,29.21,18.9,9.99,19792,
2727,"IC 4026, D170",195.07,195.07,29.05,29.05,15.73,1.77,8161,
2728,,195.07,195.07,29.25,29.25,18.15,1.73,7965,
2736,,195.07,195.07,28.9,28.9,18.21,1.76,4869,
2753,,195.07,195.07,28.84,28.84,18.1,1.86,7767,
2777,,195.06,195.06,29.01,29.01,18.21,1.71,6202,
2778,,195.06,195.06,28.94,28.94,16.69,1.81,5122,
2783,,195.06,195.06,28.82,28.82,17.37,1.83,5318,
2784,,195.06,195.06,29.1,29.1,18.36,1.81,7838,
2787,,195.06,195.06,29.06,29.06,18.46,1.65,9873,
2795,"NGC 4895, D206",195.06,195.06,29.2,29.2,14.38,9.99,8469,
2799,,195.06,195.06,28.99,28.99,18.7,9.99,6136,
2800,,195.06,195.06,28.78,28.78,18.38,9.99,7015,
2815,"NGC 4894, D122",195.05,195.05,28.97,28.97,15.87,1.74,4636,
2839,"IC 4021, D172",195.05,195.05,29.04,29.04,16.01,1.75,5724,
2852,,195.04,195.04,28.87,28.87,17.8,1.79,7405,
2856,,195.04,195.04,29.05,29.05,18.23,1.57,8134,
2861,D173,195.04,195.04,29.08,29.08,16.26,1.85,7511,
2866,D064,195.04,195.04,28.78,28.78,16.9,1.79,7030,
2895,,195.03,195.03,28.96,28.96,18.64,2.04,26236,
2897,D099,195.03,195.03,28.86,28.86,16.98,1.53,9889,
2910,D100,195.02,195.02,28.87,28.87,16.25,1.41,5136,
2912,"NGC 4895A, D207",195.03,195.03,29.17,29.17,16.07,1.8,6752,
2914,,195.02,195.02,29.16,29.16,17.18,1.81,7436,
2921,"NGC 4889, D148",195.02,195.02,28.98,28.98,12.62,1.91,6508,
2922,"IC 4012, D174",195.02,195.02,29.08,29.08,15.93,1.86,7207,
2923,,195.02,195.02,28.77,28.77,17.65,9.99,8664,
2929,,195.02,195.02,28.96,28.96,18.66,1.9,6266,
2940,"IC 4011, D150",195.01,195.01,29,29,16.08,1.82,7244,
2943,,195.01,195.01,29.25,29.25,17.66,9.99,13298,
2945,D065,195.01,195.01,28.78,28.78,16.15,1.77,6150,
2956,D084,195.01,195.01,28.81,28.81,16.2,1.98,6566,
2960,,195.01,195.01,29.02,29.02,16.78,1.74,5827,
2975,"NGC 4886, D151",195.01,195.01,28.99,28.99,14.83,1.76,6363,
2976,,195.01,195.01,29.16,29.16,18.14,1.94,6693,
2985,,195.01,195.01,28.96,28.96,17.87,1.65,5317,
2989,,195,195,29.24,29.24,17.05,9.99,7675,
3012,,195,195,28.73,28.73,17.49,1.83,8033,
3017,,194.99,194.99,28.95,28.95,17.91,1.65,6965,
3034,,194.99,194.99,28.94,28.94,18.06,1.7,5994,
3055,"NGC 4881, D217",194.98,194.98,29.25,29.25,14.73,1.87,6757,
3068,D123,194.98,194.98,28.93,28.93,16.47,1.93,7716,
3071,,194.98,194.98,28.75,28.75,17.17,1.18,8909,
3073,"NGC 4883, D175",194.98,194.98,29.03,29.03,15.43,1.89,8130,
3084,D193,194.97,194.97,29.13,29.13,16.43,1.82,7538,
3092,D085,194.97,194.97,28.8,28.8,17.55,1.59,8094,
3098,,194.97,194.97,28.97,28.97,18.63,1.74,6618,
3113,,194.96,194.96,29.1,29.1,17.82,1.81,7601,
3121,,194.96,194.96,29.07,29.07,17.34,1.76,7418,
3126,,194.96,194.96,28.83,28.83,17.55,1.82,7906,
3129,,194.96,194.96,29.14,29.14,17.94,1.71,6815,
3133,,194.96,194.96,28.92,28.92,17.23,1.92,9770,
3146,,194.95,194.95,28.98,28.98,18.54,1.58,5312,
3154,,194.95,194.95,29.1,29.1,18.64,1.68,nan,
3160,,194.94,194.94,29.05,29.05,18.88,9.99,9546,
3166,,194.94,194.94,28.99,28.99,18.37,1.79,8443,
3170,"IC 3998, D152",194.94,194.94,28.97,28.97,15.7,1.9,9399,
3172,,194.94,194.94,29.27,29.27,18.69,1.83,27401,
3178,D101,194.94,194.94,28.86,28.86,16.18,1.84,7991,
3192,,194.94,194.94,28.74,28.74,18.17,1.49,5959,
3196,,194.93,194.93,28.89,28.89,18.35,1.82,6847,
3204,,194.93,194.93,29.18,29.18,18.54,1.88,8340,
3205,,194.93,194.93,28.87,28.87,17.61,1.83,6237,
3206,D126,194.93,194.93,28.96,28.96,16.36,1.79,6869,
3213,D153,194.93,194.93,28.99,28.99,16.14,1.83,6752,
3222,D125,194.93,194.93,28.92,28.92,16.47,1.75,6925,
3225,,194.93,194.93,28.86,28.86,18.33,1.7,16911,
3245,,194.92,194.92,29.19,29.19,18.42,2.18,29670,
3248,,194.92,194.92,29.14,29.14,18.75,1.78,7519,
3254,D127,194.92,194.92,28.97,28.97,16.57,1.84,7549,
3258,,194.92,194.92,29.18,29.18,18.61,1.68,32977,
3262,D102,194.92,194.92,28.85,28.85,16.77,1.82,3690,
3269,D128,194.92,194.92,28.95,28.95,16.12,1.75,7860,
3291,D154,194.91,194.91,28.99,28.99,16.41,1.78,6927,
3292,,194.91,194.91,29,29,17.7,1.85,4890,
3296,"NGC 4875, D104",194.91,194.91,28.91,28.91,15.88,1.96,8005,
3298,,194.91,194.91,28.78,28.78,17.26,1.79,6833,
3302,,194.91,194.91,29.17,29.17,17.33,1.68,5617,
3312,,194.91,194.91,29.02,29.02,18.68,1.78,7293,
3313,,194.91,194.91,28.83,28.83,17.53,1.83,6262,
3329,"NGC 4874, D129",194.9,194.9,28.96,28.96,12.78,9.99,7166,
3336,,194.9,194.9,28.91,28.91,18.47,9.99,13278,
3339,,194.9,194.9,28.86,28.86,17.54,1.78,6279,
3340,,194.9,194.9,28.93,28.93,18.54,1.93,4193,
3367,"NGC 4873, D155",194.89,194.89,28.98,28.98,15.15,1.91,5834,
3383,,194.89,194.89,28.86,28.86,18.5,1.86,4640,
3387,,194.89,194.89,29.1,29.1,18.22,1.7,7433,
3390,D176,194.89,194.89,29.05,29.05,15.89,1.75,6892,
3392,,194.88,194.88,28.95,28.95,18.07,1.44,nan,
3400,"IC 3973, D103",194.88,194.88,28.88,28.88,15.32,1.88,4722,
3403,D087,194.88,194.88,28.79,28.79,16.87,1.79,7790,
3406,,194.88,194.88,29.02,29.02,18.76,1.76,7166,
3414,"NGC 4871, D131",194.88,194.88,28.96,28.96,14.89,1.9,6788,
3423,"IC 3976, D088",194.88,194.88,28.85,28.85,15.8,1.95,6819,
3433,D177,194.88,194.88,29.04,29.04,16.56,1.79,5542,
3439,D178,194.88,194.88,29.09,29.09,16.72,1.81,5641,
3448,,194.87,194.87,29.23,29.23,18.39,2.28,29731,
3463,,194.87,194.87,28.79,28.79,18.09,1.87,6552,
3471,D156,194.87,194.87,29,29,16.45,9.99,6708,
3475,,194.87,194.87,29.29,29.29,17.21,1.7,7977,
3481,,194.87,194.87,29.19,29.19,17.69,1.68,7718,
3482,,194.87,194.87,29.08,29.08,18.66,1.85,nan,
3484,D157,194.86,194.86,28.97,28.97,16.26,1.81,6119,
3486,,194.86,194.86,28.93,28.93,17.73,1.82,7840,
3487,D132,194.86,194.86,28.97,28.97,16.63,1.88,7675,
3489,,194.86,194.86,29,29,17.93,9.99,5506,
3493,D067,194.86,194.86,28.74,28.74,16.5,1.94,6033,
3565,,194.84,194.84,28.97,28.97,18.44,1.84,7171,
3567,,194.84,194.84,28.97,28.97,18.71,1.77,nan,
3615,,194.83,194.83,28.99,28.99,18.82,2.22,6317,
3639,"NGC 4867, D133",194.83,194.83,28.97,28.97,15.44,1.83,4805,
3645,,194.82,194.82,28.9,28.9,18.64,1.86,6417,
3656,D180,194.82,194.82,29.08,29.08,15.53,1.77,7815,
3660,"IC 3963, D068",194.82,194.82,28.77,28.77,15.76,1.87,6853,
3664,"NGC 4864, D159",194.82,194.82,28.98,28.98,14.7,9.99,6812,
3681,,194.81,194.81,29.01,29.01,18.01,1.73,6913,
3706,,194.81,194.81,28.87,28.87,17.61,1.85,6891,
3707,,194.81,194.81,29.04,29.04,17.76,1.82,7212,
3719,,194.8,194.8,28.9,28.9,18.29,1.91,7812,
3730,"IC 3959, D069",194.8,194.8,28.78,28.78,15.27,1.94,7044,
3733,"IC 3960, D109",194.8,194.8,28.86,28.86,15.85,1.89,6600,
3739,"IC 3957, D070",194.8,194.8,28.77,28.77,15.88,1.87,6352,
3750,,194.79,194.79,28.77,28.77,18.08,1.91,6267,
3761,"IC 3955, D160",194.79,194.79,29,29,15.57,1.88,7664,
3780,,194.79,194.79,29.05,29.05,17.89,1.85,5080,
3782,D108,194.79,194.79,28.91,28.91,16.55,1.85,6426,
3794,D134,194.79,194.79,28.96,28.96,17.37,1.98,6956,
3851,D135,194.77,194.77,28.97,28.97,16.98,1.86,8283,
3855,,194.77,194.77,28.93,28.93,18.05,1.79,5564,
3882,D071,194.76,194.76,28.79,28.79,16.97,1.85,6893,
3895,,194.76,194.76,28.82,28.82,17.74,1.72,8651,
3914,D136,194.75,194.75,28.96,28.96,16.57,1.81,5661,
3925,,194.75,194.75,28.8,28.8,18,2,6448,
3943,,194.74,194.74,28.81,28.81,16.93,1.88,5507,
3958,"IC 3947, D072",194.74,194.74,28.79,28.79,15.94,1.91,5655,
3972,D181,194.74,194.74,29.08,29.08,16.52,1.87,6046,
3973,,194.74,194.74,29,29,18.66,1.86,6715,
3982,,194.73,194.73,29.05,29.05,19.4,2.46,45675,
3993,,194.73,194.73,28.91,28.91,19.02,2.36,47234,
3997,"IC 3946, D091",194.73,194.73,28.81,28.81,15.28,1.95,5879,
4003,,194.73,194.73,29.02,29.02,18.6,1.81,7074,
4024,,194.72,194.72,28.9,28.9,17.97,2.39,47492,
4035,,194.72,194.72,28.75,28.75,18.49,1.82,6657,
4060,,194.71,194.71,28.76,28.76,17.57,1.31,8703,
4063,,194.7,194.7,28.92,28.92,19.32,2.38,47692,
4081,,194.7,194.7,28.92,28.92,18.91,2.15,50090,
4083,,194.7,194.7,28.83,28.83,17.82,1.91,6178,
4103,,194.69,194.69,28.95,28.95,17.74,1.76,6017,
4118,,194.69,194.69,28.82,28.82,18.31,1.56,5387,
4129,,194.68,194.68,28.85,28.85,18.54,1.92,6088,
4141,,194.68,194.68,28.87,28.87,18.71,1.73,nan,
4175,,194.67,194.67,28.84,28.84,18.65,1.85,4628,
4200,D182,194.67,194.67,29.05,29.05,16.84,1.72,5638,
4205,,194.67,194.67,28.85,28.85,19.45,2.6,62822,
1144,,195.020625,195.020625,27.55291111,28.55291111,18.152,2.503,90300,
1230,,195.1145833,195.1145833,27.55446944,28.55446944,19.55,1.97,157320,
2149,,195.1048333,195.1048333,27.55219167,28.55219167,16.08,1.536,7230,C1
2179,,195.1035833,195.1035833,27.56190556,28.56190556,19.332,0.979,29970,
2277,,194.6719167,194.6719167,27.55969444,28.55969444,18.457,1.379,55620,
2623,,194.7765833,194.7765833,27.56081667,28.56081667,17.86,1.483,7950,C1
2938,,194.6644167,194.6644167,27.56685833,28.56685833,19.045,2.068,85800,
3061,,195.040375,195.040375,27.56641667,28.56641667,18.151,1.45,49590,
3368,,194.8780833,194.8780833,27.57109167,28.57109167,19.92,1.165,56520,
3437,,195.2309167,195.2309167,27.57151111,28.57151111,19.778,1.109,70500,
4015,,195.1869583,195.1869583,27.57455556,28.57455556,19.919,0.797,135150,
4123,,195.2315833,195.2315833,27.55755,28.55755,17.583,1.451,5400,C1
5385,,195.0061667,195.0061667,27.58534167,28.58534167,19.45,1.116,33960,
5443,,194.9158333,194.9158333,27.57668056,28.57668056,15.508,1.018,5010,C1
6728,,194.827125,194.827125,27.5935,28.5935,16.766,1.16,5250,C1
6750,,195.18325,195.18325,27.59353333,28.59353333,17.569,1.269,7260,C1
7131,,195.0433333,195.0433333,27.59497222,28.59497222,15.584,1.536,5520,C1
8705,,194.7935833,194.7935833,27.60509444,28.60509444,18.147,1.043,41130,
8435,,194.996875,194.996875,27.60329167,28.60329167,17.908,2.416,63180,
8786,,194.9464167,194.9464167,27.60543889,28.60543889,17.909,1.715,7560,C1
8985,,195.0262917,195.0262917,27.61087778,28.61087778,18.711,2.189,56610,
9846,,194.7555833,194.7555833,27.61662222,28.61662222,19.086,1.601,47250,
10379,,195.0838333,195.0838333,27.61564167,28.61564167,17.213,1.373,43620,
10661,,195.15,195.15,27.62013333,28.62013333,19.89,1.075,55080,
11849,,194.792875,194.792875,27.619825,28.619825,15.063,1.55,5700,C1
12372,,195.1152083,195.1152083,27.62516111,28.62516111,16.462,1.507,5580,C1
12373,,194.6496667,194.6496667,27.62770833,28.62770833,17.949,1.906,47310,
12474,,195.0607083,195.0607083,27.628575,28.628575,18.743,1.545,6030,C1
12771,,195.09325,195.09325,27.62348611,28.62348611,15.887,1..621,7590,C1
12789,,194.8507083,194.8507083,27.63397778,28.63397778,18.928,1.956,127980,
13094,,195.216125,195.216125,27.63387222,28.63387222,18.975,1.512,7830,C1
13385,,194.7905417,194.7905417,27.63570833,28.63570833,18.759,1.593,63120,
13606,,194.8214167,194.8214167,27.63411944,28.63411944,17.987,1.506,5310,C1
14925,,194.8959583,194.8959583,27.64140556,28.64140556,18.309,1.432,8550,C1
15480,,195.1403333,195.1403333,27.63771111,28.63771111,15.037,0.65,7530,C1
17317,,194.77225,194.77225,27.64423056,28.64423056,14.281,1.109,5460,C1
17409,,194.6679583,194.6679583,27.66504722,28.66504722,17.436,2.276,84900,
18455,,194.9220833,194.9220833,27.65972778,28.65972778,15.202,1.517,6810,C1
18487,,194.7859583,194.7859583,27.67836667,28.67836667,19.325,1.479,97170,
19401,,195.1873333,195.1873333,27.686125,28.686125,18.976,2.003,89220,
20254,,195.21375,195.21375,27.68908056,28.68908056,17.76,1.513,8190,C1
20774,,195.026,195.026,27.68517778,28.68517778,15.12,1.469,7530,C1
21094,,194.6977917,194.6977917,27.67485556,28.67485556,13.784,1.601,8340,C1
21736,,194.7024583,194.7024583,27.69990278,28.69990278,17.945,1.681,7080,C1
22145,,194.907375,194.907375,27.70249444,28.70249444,17.233,2.041,37950,
22354,,194.8000417,194.8000417,27.70907222,28.70907222,19.01,0.971,63570,
23146,,195.1769167,195.1769167,27.71551944,28.71551944,19.116,1.61,71550,
23231,,195.0725,195.0725,27.71143611,28.71143611,17.893,1.574,7200,C1
23305,,195.1094167,195.1094167,27.711425,28.711425,18.715,1.63,6540,C1
23512,,194.6846667,194.6846667,27.71433611,28.71433611,18.797,1.477,7470,C1
23987,,194.8264583,194.8264583,27.71567778,28.71567778,16.684,1.578,6570,C1
24251,,195.02775,195.02775,27.72100556,28.72100556,17.41,2.108,43770,
24438,,195.0097083,195.0097083,27.71956111,28.71956111,18.402,1.421,5610,C1
24575,,195.0530417,195.0530417,27.71968611,28.71968611,16.679,1.774,4950,C1
25272,,194.763375,194.763375,27.72818611,28.72818611,19.027,1.881,63510,
25740,,194.8312083,194.8312083,27.73197222,28.73197222,18.46,1.987,11400,
25924,,194.8002083,194.8002083,27.73446111,28.73446111,18.778,1.893,62370,
26262,,194.9464167,194.9464167,27.71019167,28.71019167,13.529,1.605,8370,C1
26777,,194.958625,194.958625,27.73531667,28.73531667,18.348,1.186,7680,C1
26821,,195.1897083,195.1897083,27.73626111,28.73626111,18.81,1.568,7050,C1
28211,,194.9337083,194.9337083,27.74298333,28.74298333,18.987,1.434,7440,C1
28227,,194.9429583,194.9429583,27.74614722,28.74614722,17.263,1.088,9750,C1
28418,,194.9982917,194.9982917,27.75071944,28.75071944,19.591,1.11,23010,
28581,,195.212875,195.212875,27.74287222,28.74287222,16.325,1.564,8160,C1
28951,,194.7274167,194.7274167,27.75325278,28.75325278,19.343,1.745,63270,
29099,,194.6733333,194.6733333,27.75851944,28.75851944,19.387,1.487,47580,
29362,,194.853875,194.853875,27.73874722,28.73874722,14.974,1.595,6030,C1
29543,,194.9840417,194.9840417,27.74656667,28.74656667,16.217,1.139,8940,C1
29668,,194.6896667,194.6896667,27.75387222,28.75387222,16.973,1.495,6660,C1
30014,,195.118375,195.118375,27.76108889,28.76108889,18.638,1.45,6840,C1
30153,,194.9372083,194.9372083,27.76340278,28.76340278,18.54,1.486,8100,C1
30567,,194.6774583,194.6774583,27.76051389,28.76051389,16.463,0.986,8730,C1
30788,,194.75225,194.75225,27.76737222,28.76737222,17.607,1.6,68670,
30855,,194.8182083,194.8182083,27.77166667,28.77166667,18.271,1.585,6300,C1
31086,,195.135375,195.135375,27.76604722,28.76604722,15.338,1.606,6660,C1
31300,,195.0335,195.0335,27.77317222,28.77317222,16.572,1.044,8670,C1
31357,,194.7784583,194.7784583,27.77234722,28.77234722,16.436,1.512,6300,C1
31405,,194.8855,194.8855,27.77469167,28.77469167,18.44,1.131,28260,
31541,,194.7248333,194.7248333,27.77593333,28.77593333,19.37,1.404,17670,
31641,,194.6475833,194.6475833,27.77504722,28.77504722,18.597,1.411,6060,C1
31772,,194.9074167,194.9074167,27.77674722,28.77674722,15.832,1.467,6870,C1
32346,,194.7811667,194.7811667,27.76769722,28.76769722,14.596,1.506,6360,C1
32747,,194.8061667,194.8061667,27.77452222,28.77452222,14.469,1.517,6900,C1
32890,,195.1843333,195.1843333,27.77187778,28.77187778,18.514,1.125,34620,
32920,,195.0731667,195.0731667,27.78435278,28.78435278,16.411,1.769,7020,C1
33113,,195.052625,195.052625,27.79847222,28.79847222,15.475,1.516,7050,C1
33956,,194.7400417,194.7400417,27.7687,28.7687,15.566,1.469,6900,C1
33963,,194.877625,194.877625,27.79128333,28.79128333,15.479,1.565,7800,C1
34044,,194.9785833,194.9785833,27.79591667,28.79591667,16.04,1.567,8010,C1
34306,,194.965125,194.965125,27.78430833,28.78430833,19.294,1.423,55050,
34423,,194.720625,194.720625,27.81591389,28.81591389,19.401,1.363,8970,C1
34602,,195.136,195.136,27.78876667,28.78876667,18.475,1.745,58920,
34747,,194.8998333,194.8998333,27.80406667,28.80406667,17.943,1.486,6330,C1
34779,,194.7349167,194.7349167,27.80319722,28.80319722,17.849,1.355,7830,C1
35430,,194.7840833,194.7840833,27.78406944,28.78406944,14.02,1.557,7050,C1
35741,,195.166875,195.166875,27.81406389,28.81406389,19.813,1.185,3510,
35960,,195.1877917,195.1877917,27.79585556,28.79585556,18.261,1.544,5820,C1
36111,,195.2334583,195.2334583,27.807425,28.807425,12.987,1.458,8010,C1
36534,,194.7029583,194.7029583,27.81039167,28.81039167,13.915,1.503,5850,C1
36757,,194.7210417,194.7210417,27.81335,28.81335,15.472,1.545,5520,C1
37770,,195.0773333,195.0773333,27.81546667,28.81546667,15.845,1.636,5310,C1
37788,,194.9039583,194.9039583,27.82570556,28.82570556,16.093,1.5,6270,C1
37990,,194.96475,194.96475,27.82941944,28.82941944,18.81,1.955,7980,C1
38131,,194.6696667,194.6696667,27.8269,28.8269,16.257,1.39,6180,C1
38408,,194.8753333,194.8753333,27.82588611,28.82588611,17.937,1.546,8880,C1
38594,,194.658875,194.658875,27.82256389,28.82256389,17.143,1.055,5400,C1
38741,,195.2249167,195.2249167,27.83621111,28.83621111,19.625,1.289,19320,
39119,,195.1389167,195.1389167,27.82419722,28.82419722,15.912,1.427,8130,C1
39218,,194.9222917,194.9222917,27.83736389,28.83736389,19.044,1.132,3240,
39682,,195.1890833,195.1890833,27.83549167,28.83549167,16.534,1.592,8760,C1
39761,,194.6406667,194.6406667,27.83674722,28.83674722,17.079,1.359,4620,C1
40278,,194.9624583,194.9624583,27.83286389,28.83286389,15.986,1.709,7920,C1
40483,,194.690125,194.690125,27.8459,28.8459,18.857,1.617,38310,
41046,,195.228125,195.228125,27.84196944,28.84196944,16.086,1.64,7050,C1
42068,,195.084,195.084,27.84345,28.84345,16.531,1.604,7800,C1
42569,,194.8601667,194.8601667,27.85683333,28.85683333,17.68,1.537,5010,C1
42593,,195.2125,195.2125,27.86210278,28.86210278,18.996,1.546,9330,C1
42635,,195.0032083,195.0032083,27.86246667,28.86246667,18.729,1.536,55050,
42861,,194.7578333,194.7578333,27.86506389,28.86506389,19.219,1.453,7560,C1
43287,,194.9921667,194.9921667,27.86610278,28.86610278,19.376,1.366,8640,C1
43718,,194.897,194.897,27.86351111,28.86351111,16.161,1.555,6210,C1
43762,,194.83875,194.83875,27.87150278,28.87150278,18.165,1.903,85530,
44173,,194.9342083,194.9342083,27.86759167,28.86759167,16.156,1.545,6270,C1
44395,,194.7550417,194.7550417,27.87719167,28.87719167,18.91,2.031,97860,
44932,,194.9205417,194.9205417,27.87771111,28.87771111,18.623,2.161,53610,
45349,,195.0930833,195.0930833,27.88373056,28.88373056,18.92,1.919,43800,
45468,,194.681,194.681,27.88524167,28.88524167,19.397,1.537,8130,C1
45473,,194.720875,194.720875,27.88594722,28.88594722,17.904,1.579,32250,
46182,,194.7312083,194.7312083,27.88738333,28.88738333,18.792,1.252,7950,C1
46318,,195.0630417,195.0630417,27.89300833,28.89300833,18.803,1.603,84270,
46757,,194.6401667,194.6401667,27.89290278,28.89290278,19.9,1.294,57000,
47098,,194.810875,194.810875,27.89552778,28.89552778,17.303,1.585,6390,C1
47256,,195.0902083,195.0902083,27.89848056,28.89848056,16.74,1.491,4860,C1
47620,,195.0823333,195.0823333,27.90365278,28.90365278,19.172,1.588,79200,
47923,,194.9514167,194.9514167,27.90267778,28.90267778,18.516,2.242,54870,
47927,,195.2328333,195.2328333,27.89855556,28.89855556,16.692,1.603,6060,C1
48578,,194.8997917,194.8997917,27.90594167,28.90594167,17.622,1.497,9060,C1
49681,,195.1553333,195.1553333,27.91131667,28.91131667,19.363,1.462,6090,C1
49731,,194.76925,194.76925,27.91094444,28.91094444,15.207,1.499,6420,C1
49970,,194.982,194.982,27.91761944,28.91761944,18.069,1.72,6600,C1
50023,,195.0776667,195.0776667,27.92028889,28.92028889,18.732,1.479,6930,C1
50139,,194.7073333,194.7073333,27.91981389,28.91981389,18.916,1.558,18180,
50554,,194.8475417,194.8475417,27.91945556,28.91945556,17.274,1.661,6930,C1
51246,,194.8835417,194.8835417,27.92087778,28.92087778,17.661,1.487,6990,C1
51490,,194.6395,194.6395,27.92907222,28.92907222,19.505,0.92,39750,
51804,,194.9586667,194.9586667,27.92471944,28.92471944,15.853,1.726,9750,C1
51835,,195.1027083,195.1027083,27.93175833,28.93175833,18.955,1.81,73170,
52121,,195.152375,195.152375,27.931125,28.931125,18.617,1.42,5910,C1
52163,,194.9349583,194.9349583,27.91239722,28.91239722,14.183,1.55,6630,C1
52234,,194.8098333,194.8098333,27.93282222,28.93282222,17.704,2.046,58710,
52380,,195.197375,195.197375,27.92203611,28.92203611,15.014,1.731,8610,C1
52689,,194.9859583,194.9859583,27.92994722,28.92994722,15.007,1.695,7680,C1
52731,,195.103375,195.103375,27.92657778,28.92657778,16.777,1.624,7980,C1
52957,,194.9314167,194.9314167,27.93883056,28.93883056,19.227,1.668,7140,C1
53322,,194.7477917,194.7477917,27.93440833,28.93440833,16.636,1.64,5490,C1
53492,,194.6429167,194.6429167,27.93961944,28.93961944,18.186,1.363,11400,
53660,,195.1857083,195.1857083,27.94257222,28.94257222,17.948,2.473,73650,
53697,,195.1474583,195.1474583,27.94274444,28.94274444,16.996,1.49,6930,C1
54235,,194.66075,194.66075,27.943175,28.943175,17.356,2.147,47040,
55124,,194.766375,194.766375,27.94548333,28.94548333,18.556,2.477,74790,
55373,,194.8227917,194.8227917,27.95468611,28.95468611,19.146,1.656,47640,
55574,,194.7407917,194.7407917,27.95560556,28.95560556,19.223,1.595,5910,C1
56019,,194.66225,194.66225,27.95380556,28.95380556,16.315,1.398,5970,C1
56231,,195.1164583,195.1164583,27.95591111,28.95591111,14.99,1.547,6990,C1
56316,,195.0943333,195.0943333,27.96508333,28.96508333,18.616,1.561,5220,C1
56514,,195.1783333,195.1783333,27.96291667,28.96291667,14.722,1.717,8430,C1
56790,,194.8467083,194.8467083,27.96884444,28.96884444,19.08,1.494,74820,
56956,,194.9340833,194.9340833,27.95834444,28.95834444,15.37,1.478,6870,
57131,,194.7502083,194.7502083,27.96741667,28.96741667,15.518,1.592,8280,C1
57183,,194.9177083,194.9177083,27.96816667,28.96816667,15.804,1.522,7680,C1
57244,,194.8554583,194.8554583,27.96788333,28.96788333,15.293,1.518,7710,C1
57356,,194.6762083,194.6762083,27.97204444,28.97204444,18.398,1.499,6330,C1
57916,,194.832125,194.832125,27.97345278,28.97345278,17.04,1.531,7200,C1
58030,,194.8747917,194.8747917,27.95634167,28.95634167,13.938,1.614,6810,C1
58193,,195.06875,195.06875,27.96739722,28.96739722,14.811,1.485,4650,C1
58318,,194.8195,194.8195,27.98248056,28.98248056,19.02,1.581,7200,C1
58432,,194.8468333,194.8468333,27.98191111,28.98191111,19.157,1.63,8880,C1
58548,,195.1801667,195.1801667,27.98574167,28.98574167,19.784,0.964,49590,
58709,,195.0255417,195.0255417,27.97815278,28.97815278,14.088,1.502,7620,C1
58764,,194.9523333,194.9523333,27.98272222,28.98272222,17.674,1.318,5310,C1
58798,,195.178,195.178,27.97121389,28.97121389,13.867,1.737,6360,C1
59444,,194.8598333,194.8598333,27.98838333,28.98838333,18.575,1.558,114300,
59516,,194.8175833,194.8175833,27.98629722,28.98629722,17.202,2.005,47520,
59565,,195.193,195.193,27.99443889,28.99443889,18.669,1.744,81930,
59610,,195.0040417,195.0040417,27.991575,28.991575,18.083,1.616,7470,C1
59782,,195.0841667,195.0841667,27.99369167,28.99369167,18.894,1.442,111780,
60593,,194.9455,194.9455,27.99181667,28.99181667,17.362,1.455,8490,C1
60680,,194.9094583,194.9094583,27.98709167,28.98709167,15.546,1.538,6990,C1
60888,,194.908125,194.908125,28.00093889,29.00093889,16.619,1.506,4890,C1
61500,,194.8864167,194.8864167,27.98354167,28.98354167,14.201,1.444,5850,C1
61505,,194.76,194.76,28.00582222,29.00582222,18.981,1.4,7980,C1
61692,,194.7116667,194.7116667,28.00690278,29.00690278,17.357,1.547,7380,C1
62166,,194.643625,194.643625,28.00964444,29.00964444,19.109,1.064,6360,C1
62623,,195.0265833,195.0265833,28.00402778,29.00402778,14.847,1.533,7260,C1
63026,,194.7979583,194.7979583,28.00918056,29.00918056,16.703,1.495,6900,C1
63244,,195.1700417,195.1700417,27.99645556,28.99645556,14.438,1.677,7080,C1
64295,,195.2268333,195.2268333,28.00748889,29.00748889,13.254,1.707,4980,C1
65107,,194.7005417,194.7005417,28.01864444,29.01864444,17.03,1.644,7080,C1
65563,,195.161375,195.161375,28.01451944,29.01451944,13.413,1.158,7650,C1
65651,,195.0224167,195.0224167,28.02436389,29.02436389,15.502,1.469,5790,C1
66122,,194.7892917,194.7892917,28.04084444,29.04084444,16.322,1.486,7200,C1
66376,,194.774625,194.774625,28.04126667,29.04126667,19.125,1.527,8160,C1
66779,,194.6727083,194.6727083,28.04518333,29.04518333,17.987,1.819,5670,C1
66948,,194.9833333,194.9833333,28.03464167,29.03464167,14.097,1.621,8160,C1
67483,,195.1794583,195.1794583,28.04921944,29.04921944,18.056,2.566,67320,
67534,,194.6838333,194.6838333,28.04881111,29.04881111,17.322,1.437,8790,C1
67536,,195.0921667,195.0921667,28.04688333,29.04688333,14.451,1.652,8160,C1
67822,,194.63375,194.63375,28.04918611,29.04918611,16.807,0.554,5550,C1
68771,,195.1786667,195.1786667,28.0537,29.0537,18.207,1.685,6780,C1
68886,,194.9467083,194.9467083,28.05436111,29.05436111,18.385,2.139,9540,C1
68963,,195.2147917,195.2147917,28.04267778,29.04267778,13.461,1.764,6570,C1
68993,,195.046375,195.046375,28.06514444,29.06514444,16.671,1.522,7290,C1
69259,,195.059,195.059,28.06854722,29.06854722,19.151,1.525,7260,C1
69894,,195.085,195.085,28.07045833,29.07045833,18.87,1.583,6690,C1
70018,,194.7171667,194.7171667,28.07308889,29.07308889,18.142,1.54,60540,
70379,,195.0227917,195.0227917,28.08018889,29.08018889,18.466,1.503,28350,
71583,,194.834,194.834,28.074225,29.074225,15.955,1.532,7200,C1
71929,,195.03325,195.03325,28.07843889,29.07843889,14.517,1.589,7200,C1
72100,,194.776625,194.776625,28.09448611,29.09448611,18.174,1.598,47580,
72340,,195.2001667,195.2001667,28.09907778,29.09907778,18.415,1.585,6240,C1
72428,,194.7113333,194.7113333,28.08388611,29.08388611,15.04,1.546,6060,C1
72510,,194.8414167,194.8414167,28.10471667,29.10471667,19.69,1.351,25800,
72512,,195.2027083,195.2027083,28.09049722,29.09049722,13.694,1.704,6900,C1
72587,,194.747375,194.747375,28.10588333,29.10588333,19.169,1.496,82110,
72682,,195.1859583,195.1859583,28.10043056,29.10043056,15.179,1.617,6570,C1
73055,,194.8815417,194.8815417,28.10057778,29.10057778,17.287,1.417,7440,C1
73503,,194.9869167,194.9869167,28.10864444,29.10864444,18.936,1.746,57000,
74290,,195.129,195.129,28.10824167,29.10824167,17.384,1.49,5130,C1
76311,,195.0408333,195.0408333,28.11402222,29.11402222,19.145,1.896,97890,
76419,,195.1772083,195.1772083,28.11611111,29.11611111,17.273,1.586,6210,C1
76461,,194.81925,194.81925,28.13174722,29.13174722,18.606,1.919,53760,
76463,,194.654125,194.654125,28.13181111,29.13181111,19.281,1.344,37560,
76687,,194.6513333,194.6513333,28.11353333,29.11353333,14.078,1.565,8310,C1
77036,,194.7960833,194.7960833,28.13578333,29.13578333,19.385,1.269,123330,
77042,,194.7225417,194.7225417,28.12594167,29.12594167,15.066,1.627,6990,C1
77063,,194.9271667,194.9271667,28.13545833,29.13545833,18.459,1.247,9180,C1
77852,,195.0228333,195.0228333,28.13869167,29.13869167,18.587,2.327,60390,
77938,,194.7009167,194.7009167,28.13810833,29.13810833,18.687,1.627,59910,
78017,,194.6924167,194.6924167,28.14176111,29.14176111,18.292,2.21,82740,
78429,,194.7584583,194.7584583,28.11549444,29.11549444,15.019,1.071,9450,C1
78794,,194.9795,194.9795,28.12825556,29.12825556,15.009,1.646,7530,C1
79519,,194.7660833,194.7660833,28.12363889,29.12363889,13.462,1.535,7890,C1
79634,,194.9595,194.9595,28.14428611,29.14428611,16.584,1.54,6840,C1
80143,,195.0176667,195.0176667,28.15502222,29.15502222,16.629,1.49,6690,C1
80818,,194.7437917,194.7437917,28.15669167,29.15669167,19.202,1.181,26730,
80902,,195.0175417,195.0175417,28.15667222,29.15667222,16.622,1.497,7170,C1
80965,,195.14825,195.14825,28.14588889,29.14588889,14.343,1.557,5460,C1
81215,,194.7599583,194.7599583,28.16345278,29.16345278,18.086,2.207,56640,
81334,,194.9559583,194.9559583,28.16654722,29.16654722,18.749,1.882,6270,C1
81439,,195.0660833,195.0660833,28.17050278,29.17050278,18.888,1.187,43230,
81450,,195.036375,195.036375,28.15975278,29.15975278,15.741,1.574,7440,C1
81862,,194.9061667,194.9061667,28.16609444,29.16609444,16.123,1.4,5700,C1
82303,,194.818,194.818,28.17022778,29.17022778,18.857,2.204,89640,
82313,,194.7911667,194.7911667,28.16441667,29.16441667,17.355,1.351,8580,C1
83430,,194.933875,194.933875,28.17626111,29.17626111,16.981,1.543,8400,C1
84069,,195.1954167,195.1954167,28.17821389,29.17821389,18.088,2.398,67140,
84817,,195.203375,195.203375,28.15820556,29.15820556,13.283,1.557,5730,C1
85354,,194.8574167,194.8574167,28.18694167,29.18694167,16.376,1.512,7710,C1
85644,,195.181375,195.181375,28.20324167,29.20324167,18.129,1.704,53160,
86791,,194.9942917,194.9942917,28.20843889,29.20843889,19.509,1.42,67350,
87896,,194.9719583,194.9719583,28.21198056,29.21198056,19.746,1.28,66780,
88083,,194.6556667,194.6556667,28.21934444,29.21934444,17.61,1.55,6840,C1
88409,,195.1056667,195.1056667,28.22916389,29.22916389,18.012,1.505,56280,
88550,,194.6715,194.6715,28.2289,29.2289,18.79,1.54,46260,
89413,,194.72975,194.72975,28.23389444,29.23389444,19.136,1.195,55230,
89537,,194.9966667,194.9966667,28.23354722,29.23354722,19.593,1.49,57990,
90085,,194.7574167,194.7574167,28.22526667,29.22526667,13.998,1.527,8040,C1
90411,,195.074875,195.074875,28.20205556,29.20205556,12.99,1.628,8460,C1
90667,,195.0124583,195.0124583,28.24026111,29.24026111,16.049,1.225,7680,C1
91332,,194.8125,194.8125,28.25082222,29.25082222,16.604,0.996,7350,C1
92149,,194.965625,194.965625,28.25319444,29.25319444,18.836,1.442,8700,C1
92208,,195.0849167,195.0849167,28.26106944,29.26106944,18.406,1.866,68850,
92731,,195.210125,195.210125,28.26975556,29.26975556,19.222,1.918,71790,
93075,,194.9430833,194.9430833,28.26950556,29.26950556,18.545,1.676,27720,
93203,,194.9907917,194.9907917,28.24658333,29.24658333,13.458,1.681,6780,C1
93395,,194.8317917,194.8317917,28.27403056,29.27403056,19.533,1.405,5790,C1
94045,,194.8650833,194.8650833,28.27582222,29.27582222,19.548,1.399,5700,C1
94638,,194.9439583,194.9439583,28.27485556,29.27485556,17.131,1.817,27390,
95084,,194.827375,194.827375,28.28205,29.28205,18.385,1.46,7020,C1
95392,,194.7904167,194.7904167,28.287375,29.287375,18.249,1.874,6810,C1
95411,,195.1532083,195.1532083,28.29321111,29.29321111,19.678,1.519,67050,
96302,,194.8588333,194.8588333,28.28743889,29.28743889,15.812,1.473,8010,C1
96453,,194.8896667,194.8896667,28.2943,29.2943,19.362,1.258,41430,
96693,,194.7274583,194.7274583,28.30218889,29.30218889,18.572,1.388,49860,
97184,,195.1175,195.1175,28.30594722,29.30594722,19.857,1.225,28980,
98259,,195.0882917,195.0882917,28.30614167,29.30614167,19.278,1.691,53490,
98788,,194.769875,194.769875,28.30848611,29.30848611,18.772,1.652,48060,
99493,,194.7596667,194.7596667,28.31650833,29.31650833,17.609,1.275,20280,
99500,,195.0345833,195.0345833,28.32344167,29.32344167,18.388,2.135,56910,
100395,,194.891625,194.891625,28.32508056,29.32508056,17.743,2.491,54500,
101376,,195.011125,195.011125,28.32642778,29.32642778,18.194,2.164,5661,
101990,,195.0072083,195.0072083,28.33291944,29.33291944,17.89,1.559,53610,
102380,,194.99575,194.99575,28.368975,29.368975,18.931,1.94,54180,
102739,,195.1279583,195.1279583,28.34638056,29.34638056,13.527,1.604,5910,C1
102755,,194.9447083,194.9447083,28.37098333,29.37098333,17.858,2.5,66780,
103366,,194.979375,194.979375,28.33686111,29.33686111,16.882,2.422,7830,C1
104960,,195.076875,195.076875,28.34833611,29.34833611,18.375,2.406,64410,
105280,,195.184125,195.184125,28.33724722,29.33724722,14.346,1.661,7890,C1
105397,,194.7322917,194.7322917,28.35376667,29.35376667,18.086,1.625,6300,C1
105567,,194.7260833,194.7260833,28.37487778,29.37487778,18.491,2.199,42900,
3089,,194.7792917,194.7792917,28.36259722,29.36259722,18.489,1.479,17160,
3137,,195.216875,195.216875,28.36615833,29.36615833,13.497,1.72,7650,C1
3160,,194.6017083,194.6017083,26.72956667,27.72956667,20.284,2.006,132300,c3
3531,,194.1131667,194.1131667,26.72719722,27.72719722,18.493,1.626,90450,
3611,,194.5940417,194.5940417,26.72835,27.72835,19.375,2.845,95430,
6170,,194.4464167,194.4464167,26.72873056,27.72873056,18.367,1.256,53160,
8304,,194.0797917,194.0797917,26.72565,27.72565,16.864,1.184,23700,
9487,,194.57975,194.57975,26.73445556,27.73445556,17.584,1.2,21240,
12996,,194.1541667,194.1541667,26.74247222,27.74247222,17.999,1.577,6090,C3
18086,,194.180125,194.180125,26.74210278,27.74210278,15.863,1.495,6990,C3
20798,,194.458625,194.458625,26.76410278,27.76410278,18.468,1.582,57060,
21775,,194.5421667,194.5421667,26.77686944,27.77686944,17.767,1.47,6750,C3
23822,,194.5295833,194.5295833,26.78727778,27.78727778,16.371,1.401,7260,C3
25583,,194.393375,194.393375,26.791125,27.791125,18.065,1.679,69990,
27346,,194.092,194.092,26.79826667,27.79826667,19.141,1.722,100080,
27608,,194.463875,194.463875,26.80247778,27.80247778,17.947,1.114,39990,
29341,,194.6049583,194.6049583,26.81107778,27.81107778,18.003,0.991,39900,
30970,,194.59525,194.59525,26.81085833,27.81085833,17.801,1.16,39810,
32850,,194.3444167,194.3444167,26.81498889,27.81498889,17.166,1.761,25500,
37204,,194.2655833,194.2655833,26.82565833,27.82565833,19.44,1.398,70740,
39056,,194.4801667,194.4801667,26.83095,27.83095,19.024,1.297,8250,C3
39839,,194.551875,194.551875,26.85355833,27.85355833,18.88,1.441,64320,
40422,,194.4293333,194.4293333,26.85250556,27.85250556,14.426,1.344,6330,C3
43386,,194.4755,194.4755,26.86485278,27.86485278,17.759,1.905,89880,
43814,,194.5214583,194.5214583,26.86936667,27.86936667,19.501,1.377,68760,
47483,,194.2617083,194.2617083,26.88272222,27.88272222,18.892,1.809,80970,
48397,,194.5101667,194.5101667,26.85954722,27.85954722,13.403,1.366,7350,C3
50207,,194.6194583,194.6194583,26.90041389,27.90041389,19.126,1.808,73800,
50320,,194.6420417,194.6420417,26.89997778,27.89997778,18.174,1.374,8130,C3
50945,,194.090375,194.090375,26.91043611,27.91043611,19.376,1.688,75000,
51083,,194.150125,194.150125,26.90495556,27.90495556,16.436,1.421,7920,C3
52152,,194.21325,194.21325,26.89907778,27.89907778,14.243,1.281,6300,C3
53233,,194.5384167,194.5384167,26.91371667,27.91371667,18.658,1.319,43710,
53772,,194.4330833,194.4330833,26.91963889,27.91963889,19.672,1.481,70680,
55692,,194.2534167,194.2534167,26.92123611,27.92123611,18.473,1.277,6810,C3
56451,,194.5844167,194.5844167,26.92067778,27.92067778,16.934,1.241,6840,C3
59497,,194.51325,194.51325,26.91608056,27.91608056,14.506,1.412,8250,C3
64021,,194.1498333,194.1498333,26.93747222,27.93747222,19.037,1.537,70080,
64250,,194.5541667,194.5541667,26.94960278,27.94960278,18.016,1.466,6660,C3
64960,,194.2957917,194.2957917,26.97601389,27.97601389,20.426,0.767,43710,
65565,,194.4480833,194.4480833,26.97825556,27.97825556,19.237,1.203,42420,
65832,,194.391125,194.391125,26.98049167,27.98049167,18.656,1.599,86100,
66844,,194.1215,194.1215,26.95720833,27.95720833,13.904,1.306,7050,C3
67093,,194.3272917,194.3272917,26.97964722,27.97964722,17.455,1.418,7320,C3
68750,,194.5799167,194.5799167,26.98851389,27.98851389,18.91,1.413,65340,
70063,,194.6324583,194.6324583,26.99125833,27.99125833,19.097,1.605,17520,
70459,,194.628875,194.628875,26.99478889,27.99478889,17.473,0.787,7470,C3
71754,,194.482375,194.482375,27.00078611,28.00078611,19.553,1.181,11880,
73313,,194.4194167,194.4194167,27.00374667,28.00374667,17.029,0.646,20430,
73824,,194.2402917,194.2402917,27.00790278,28.00790278,18.412,1.952,66000,
75314,,194.6611667,194.6611667,27.01336944,28.01336944,16.736,1.151,7020,C3
75329,,194.320875,194.320875,27.02035278,28.02035278,19.936,2.428,132990,
75646,,194.3933333,194.3933333,27.00873611,28.00873611,18.093,1.202,5850,C3
76062,,194.6129167,194.6129167,27.02360833,28.02360833,17.004,1.085,7560,C3
76219,,194.6401667,194.6401667,27.02890278,28.02890278,19.083,1.807,53580,
76348,,194.3395417,194.3395417,27.02315278,28.02315278,16.235,1.451,8010,C3
76901,,194.2881667,194.2881667,27.02972778,28.02972778,18.868,1.117,7020,C3
76941,,194.176875,194.176875,27.03126667,28.03126667,19.068,1.413,7650,C3
77808,,194.1909583,194.1909583,27.03502778,28.03502778,19.315,1.39,89100,
77993,,194.523875,194.523875,27.03520278,28.03520278,18.036,1.488,32280,
78239,,194.086,194.086,27.03810833,28.03810833,19.096,1.95,76200,
78337,,194.4024167,194.4024167,27.03136667,28.03136667,14.773,1.669,7350,C3
79748,,194.30875,194.30875,27.04280833,28.04280833,18.852,1.856,84120,
79897,,194.1814167,194.1814167,27.03494167,28.03494167,15.501,1.416,5610,C3
80748,,194.4862083,194.4862083,27.03756389,28.03756389,15.233,1.503,7470,C3
81706,,194.3875,194.3875,27.05153333,28.05153333,18.38,1.855,60720,
81914,,194.0732083,194.0732083,27.05544722,28.05544722,18.882,1.993,96690,
82129,,194.5509167,194.5509167,27.06244722,28.06244722,19.671,1.314,52650,
82181,,194.28525,194.28525,27.06135833,28.06135833,18.712,1.338,56340,
82350,,194.1752083,194.1752083,27.06115,28.06115,18.644,1.437,7500,C3
83270,,194.1960417,194.1960417,27.05698056,28.05698056,17.573,1.22,6390,C3
83361,,194.4785833,194.4785833,27.05785,28.05785,15.989,1.339,41100,
83599,,194.4177917,194.4177917,27.06734722,28.06734722,18.163,1.247,56580,
83625,,194.633875,194.633875,27.071125,28.071125,18.801,1.738,66480,
83896,,194.632625,194.632625,27.07114167,28.07114167,19.019,1.893,66450,
84995,,194.133625,194.133625,27.05577222,28.05577222,14.814,1.374,6060,C3
85825,,194.4380417,194.4380417,27.071,28.071,18.133,1.747,62430,
85850,,194.2952083,194.2952083,27.07831667,28.07831667,18.368,1.426,62310,
86336,,194.5622083,194.5622083,27.08085833,28.08085833,18.604,1.802,73860,
87518,,194.4639583,194.4639583,27.081025,28.081025,19.136,1.222,7950,C3
87820,,194.1715417,194.1715417,27.08466389,28.08466389,19.511,1.255,62430,
88643,,194.1808333,194.1808333,27.08810833,28.08810833,17.906,1.488,5070,C3
88752,,194.274,194.274,27.08914722,28.08914722,18.229,1.497,7530,C3
89020,,194.1169583,194.1169583,27.09700833,28.09700833,18.25,1.31,51420,
90485,,194.565,194.565,27.08730278,28.08730278,16.352,1.51,7860,C3
90864,,194.3647083,194.3647083,27.10156111,28.10156111,20.206,0.774,5580,C3
91676,,194.571,194.571,27.11066111,28.11066111,18.761,1.401,52560,
92044,,194.46125,194.46125,27.11100556,28.11100556,17.137,1.721,41400,
92047,,194.4380417,194.4380417,27.11868611,28.11868611,19.449,1.71,56580,
92371,,194.2069583,194.2069583,27.09405556,28.09405556,14.405,1.537,6930,C3
92660,,194.299875,194.299875,27.10348056,28.10348056,16.03,1.399,7230,C3
92988,,194.2324167,194.2324167,27.11979444,28.11979444,18.871,1.235,5490,C3
93816,,194.358875,194.358875,27.12525278,28.12525278,19.693,1.401,68430,
93961,,194.1447083,194.1447083,27.12394167,28.12394167,18.052,1.916,63660,
94408,,194.55025,194.55025,27.12764722,28.12764722,16.629,1.461,11670,
95924,,194.4205833,194.4205833,27.12805556,28.12805556,17.98,1.526,5610,C3
96706,,194.0809167,194.0809167,27.13483056,28.13483056,18.302,1.327,36210,
96843,,194.5691667,194.5691667,27.14586389,28.14586389,18.741,1.772,53370,
98249,,194.37425,194.37425,27.15157222,28.15157222,19.528,1.849,84210,
98430,,194.4590833,194.4590833,27.14908333,28.14908333,18.042,1.303,38130,
100492,,194.6017917,194.6017917,27.15753611,28.15753611,18.178,1.95,61260,
101924,,194.4375,194.4375,27.15551667,28.15551667,18.263,1.655,7680,C3
102543,,194.0970417,194.0970417,27.16805,28.16805,18.615,1.252,38250,
102603,,194.2860417,194.2860417,27.17341111,28.17341111,17.814,1.446,6000,C3
103243,,194.1163333,194.1163333,27.17515278,28.17515278,18.663,1.01,8790,C3
103965,,194.6522083,194.6522083,27.18170278,28.18170278,19.391,1.474,63420,
104771,,194.2265833,194.2265833,27.18503889,28.18503889,19.699,1.362,74790,
109889,,194.6552917,194.6552917,27.17649722,28.17649722,14.82,1.061,7710,C3
110804,,194.6240833,194.6240833,27.19268611,28.19268611,17.907,1.552,18120,
111281,,194.083,194.083,27.21633056,28.21633056,19.239,1.415,12120,
111608,,194.3675417,194.3675417,27.22275833,28.22275833,19.317,1.339,68700,
112674,,194.6181667,194.6181667,27.22096667,28.22096667,18.826,1.435,7410,C3
113838,,194.5887917,194.5887917,27.22414722,28.22414722,18.192,1.596,84300,
114490,,194.3073333,194.3073333,27.22454722,28.22454722,17.704,1.299,6870,C3
115034,,194.4807917,194.4807917,27.23204167,28.23204167,17.276,1.372,6420,C3
116331,,194.5047083,194.5047083,27.23481667,28.23481667,19.298,1.209,17940,
117251,,194.144375,194.144375,27.22766667,28.22766667,15.276,1.247,7200,C3
117648,,194.1479583,194.1479583,27.24192778,28.24192778,18.025,1.469,5610,C3
117904,,194.246625,194.246625,27.25155556,28.25155556,18.83,1.728,60840,
121032,,194.5463333,194.5463333,27.25132222,28.25132222,18.81,1.985,84300,
121657,,194.6329167,194.6329167,27.25225,28.25225,18.938,1.442,7590,C3
121680,,194.459625,194.459625,27.270225,28.270225,19.189,1.535,56250,
122239,,194.0760417,194.0760417,27.27308611,28.27308611,19.251,1.799,68820,
122885,,194.6473333,194.6473333,27.26464722,28.26464722,15.248,0.967,7410,C3
123379,,194.2678333,194.2678333,27.27427222,28.27427222,18.08,1.184,20820,
124130,,194.0820833,194.0820833,27.27914167,28.27914167,19.755,1.017,62100,
126125,,194.5450833,194.5450833,27.28336667,28.28336667,19.739,1.356,71760,
127473,,194.1534583,194.1534583,27.28605278,28.28605278,17.779,1.427,26730,
128194,,194.0773333,194.0773333,27.29676111,28.29676111,19.303,1.612,58590,
128526,,194.3466667,194.3466667,27.30256389,28.30256389,19.387,1.089,44430,
128831,,194.1977083,194.1977083,27.29141944,28.29141944,14.284,1.462,7830,C3
130228,,194.13825,194.13825,27.30518333,28.30518333,18.797,1.476,40980,
130251,,194.446375,194.446375,27.30825556,28.30825556,19.088,1.893,90600,
130796,,194.6330417,194.6330417,27.314725,28.314725,17.949,1.775,55950,
131621,,194.1190417,194.1190417,27.29388889,28.29388889,14.669,1.153,7530,C3
138413,,194.394625,194.394625,27.31030833,28.31030833,16.807,1.486,7470,C3
139660,,194.57775,194.57775,27.31065556,28.31065556,15.766,1.181,7470,C3
141717,,194.491625,194.491625,27.35081111,28.35081111,18.023,1.459,8670,C3
143744,,194.365,194.365,27.3573,28.3573,18.777,1.273,20370,
143923,,194.2751667,194.2751667,27.36892222,28.36892222,19.002,1.959,38190,
144401,,194.106,194.106,27.376625,28.376625,19.895,1.254,76950,
144552,,194.2571667,194.2571667,27.37215556,28.37215556,15.182,1.519,6930,C3
144827,,194.6464167,194.6464167,27.38044722,28.38044722,18.309,1.83,35760,
145796,,194.6380833,194.6380833,27.36431667,28.36431667,14.823,1.548,6990,C3
147253,,194.5239583,194.5239583,27.38269444,28.38269444,18.827,1.349,7290,C3
149036,,194.4855,194.4855,27.38231111,28.38231111,16.535,1.483,5250,C3
149407,,194.4993333,194.4993333,27.39199167,28.39199167,18.215,1.535,7380,C3
151225,,194.632,194.632,27.39499444,28.39499444,17.482,1.289,7740,C3
151832,,194.4539583,194.4539583,27.406,28.406,19.334,1.716,84090,
151882,,194.3552083,194.3552083,27.40465833,28.40465833,14.912,1.277,4860,C3
153508,,194.261,194.261,27.41257778,28.41257778,19.072,1.409,7440,C3
154595,,194.3725833,194.3725833,27.41369167,28.41369167,18.351,1.837,37650,
155033,,194.5253333,194.5253333,27.41893889,28.41893889,15.995,1.432,5760,C3
155379,,194.199125,194.199125,27.42106944,28.42106944,15.643,1.398,7710,C3
155689,,194.4405417,194.4405417,27.42933889,28.42933889,15.974,1.277,8400,C3
155948,,194.0970833,194.0970833,27.43094444,28.43094444,19.342,1.354,7920,
156329,,194.4490417,194.4490417,27.43475278,28.43475278,19.027,1.715,84120,
158091,,194.2110833,194.2110833,27.43654722,28.43654722,19.395,1.323,56340,
158296,,194.5855833,194.5855833,27.42942778,28.42942778,16.607,1.319,7500,C3
159473,,194.3408333,194.3408333,27.44675556,28.44675556,19.102,2.028,38070,
160138,,194.486375,194.486375,27.44266667,28.44266667,17.175,1.116,7680,C3
161074,,194.170625,194.170625,27.44776111,28.44776111,17.323,1.503,7230,C3
161247,,194.411375,194.411375,27.4553,28.4553,17.674,1.645,7830,C3
161876,,194.196125,194.196125,27.45725278,28.45725278,18.771,1.416,7290,C3
161882,,194.4324583,194.4324583,27.46149722,28.46149722,18.965,1.35,7200,C3
162274,,194.069625,194.069625,27.44593333,28.44593333,14.886,1.708,6360,C3
163401,,194.262875,194.262875,27.46536111,28.46536111,19.717,1.032,41610,
164198,,194.5636667,194.5636667,27.46465,28.46465,17.615,1.52,7680,C3
162801,,194.233,194.233,27.46245278,28.46245278,17.01,1.464,26850,c3
164859,,194.06975,194.06975,27.47009444,28.47009444,17.134,1.819,69600,
165525,,194.3405,194.3405,27.47500556,28.47500556,16.982,1.687,7440,C3
165617,,194.28925,194.28925,27.46661667,28.46661667,14.144,1.474,7680,C3
165825,,194.3402917,194.3402917,27.48629722,28.48629722,20.275,1.064,30960,C3
166622,,194.5092917,194.5092917,27.48316111,28.48316111,22.619,1.245,8400,
167048,,194.117375,194.117375,27.48320278,28.48320278,18.556,1.183,7260,C3
167531,,194.4005833,194.4005833,27.48488611,28.48488611,14.938,1.599,7350,C3
168689,,194.4615,194.4615,27.49091944,28.49091944,17.312,1.474,7590,C3
169748,,194.5065417,194.5065417,27.48969722,28.48969722,14.499,1.458,18360,C3
176012,,194.5449583,194.5449583,27.50068056,28.50068056,19.26,0.833,4950,
176486,,194.4765833,194.4765833,27.49068611,28.49068611,15.016,1.358,40170,C3
178397,,194.6481667,194.6481667,27.53119722,28.53119722,19.611,1.007,7650,
179115,,194.3775,194.3775,27.54314444,28.54314444,16.612,1.6,6510,C3
179115,,194.4209583,194.4209583,27.5344,28.5344,18.779,1.668,36780,C3
180017,,194.4621667,194.4621667,27.53475833,28.53475833,18.402,1.293,7110,
180308,,194.548625,194.548625,27.54245278,28.54245278,17.632,1.512,5970,C3
180920,,194.660125,194.660125,27.54418611,28.54418611,15.146,1.541,45870,C3
181157,,194.1785833,194.1785833,27.53738056,28.53738056,19.501,1.06,8370,
181166,,194.2679583,194.2679583,27.526025,28.526025,15.971,1.467,7110,C3
162801,,194.1424167,194.1424167,27.53906111,28.53906111,14.455,1.568,7740,C3
181166,,194.1765,194.1765,27.54834167,28.54834167,16.542,1.469,7650,C3
4469,,195.29,,28.58,,17.69,1.88,7452,C3
4479,,195.3,,28.42,,17.51,1.83,5749,C3
4522,,195.31,,28.49,,15.83,1.84,7606,C3
4535,,195.32,,28.45,,17.9,1.95,7653,C3
4579,,195.33,,28.58,,16.72,,4915,C3
4579,,195.33,,28.38,,18.04,1.8,5186,C3
4592,,195.34,,28.62,,16.38,2.09,20220,C3
4597,,195.34,,28.49,,16.37,1.91,4915,C3
4630,,195.35,,28.49,,18.97,1.92,7335,C3
4692,,195.37,,28.43,,17.37,1.74,8318,C3
4714,,195.38,,28.58,,17.54,1.75,7226,C3
4749,,195.39,,28.54,,19.17,1.72,49310,C3
4792,,195.41,,28.49,,16.3,1.91,7173,C3
4794,,195.41,,28.5,,15.26,2.02,7304,C3
,,195.41,,28.49,,,,-154,C3
4825,,195.42,,28.5,,19.34,1.63,19865,C3
4829,,195.42,,28.61,,14.86,1.98,6055,C3
4852,,195.43,,28.55,,18.36,1.97,7694,C3
4858,,195.43,,28.47,,18.78,2.1,38272,C3
4907,,194.51,,28.98,,2.2,1.88,5504,C3
4918,,195.45,,28.41,,16.03,,4811,C3
4928,,195.45,,28.5,,13.51,,7442,C3
4937,,195.45,,28.55,,18.35,1.82,5709,C3
4943,,195.45,,28.5,,15.88,1.83,8203,C3
4956,,195.46,,28.48,,18.52,1.73,6819,C3
5323,,195.47,,23.94,,19.72,2.19,-101,C3
5348,,195.48,,28.47,,15.41,2.19,-354,C3
5038,,195.5,,28.41,,16.14,1.82,6205,C3
5051,,195.5,,28.47,,15.46,2.07,7323,C3
5439,,195.51,,28.55,,18.75,1.68,-202,C3
5102,,195.52,,28.53,,17.5,1.92,8122,C3
5136,,195.53,,28.37,,16.62,2,7012,C3
5284,,195.6,,28.55,,17.98,1.75,7545,C3
5296,,195.61,,28.45,,18.9,1.83,7310,C3
